{"val/mAP@0.95":0,"train/lr":9.960573506572391e-05,"val/loss":6.267534026367497,"val/Precision@0.5":0,"_step":5,"_timestamp":1.7733032469030955e+09,"_wandb":{"runtime":3891},"val/F1@0.5":0,"train/epochs_no_improve":3,"val/F1@0.95":0,"val/Recall@0.95":0,"train/loss":4.6485462377941795,"val/Precision@0.95":0,"val/mAP@0.5":0,"val/Recall@0.5":0,"val/best_mAP@0.5":0.0202020202020202,"_runtime":3891.2558202}